<?xml version="1.0" encoding="UTF-8"?>

<soycms>
<id>initializr</id>
<name>Initializr HTML5 template</name>
<type>0</type>
<description><![CDATA[This is an HTML5 template based on HTML5 Boilerplate, generated by Initializr.

HTML5 Boilerplate:
http://html5boilerplate.com/

Initializr:
http://www.initializr.com/

arbk-works:
https://aruo.net/
]]></description>
<files>
<file>
<name>main.css</name>
<path>/files/initializr/css/main.css</path>
<description><![CDATA[]]></description>
</file>
<file>
<name>normalize.css</name>
<path>/files/initializr/css/normalize.css</path>
<description><![CDATA[]]></description>
</file>
<file>
<name>normalize.min.css</name>
<path>/files/initializr/css/normalize.min.css</path>
<description><![CDATA[]]></description>
</file>
<file>
<name>main.js</name>
<path>/files/initializr/js/main.js</path>
<description><![CDATA[]]></description>
</file>
<file>
<name>plugins.js</name>
<path>/files/initializr/js/plugins.js</path>
<description><![CDATA[]]></description>
</file>
<file>
<name>jquery-1.10.2.min.js</name>
<path>/files/initializr/js/vendor/jquery-1.10.2.min.js</path>
<description><![CDATA[]]></description>
</file>
<file>
<name>modernizr-2.7.1-respond-1.1.0.min.js</name>
<path>/files/initializr/js/vendor/modernizr-2.7.1-respond-1.1.0.min.js</path>
<description><![CDATA[]]></description>
</file>
</files>
<templates>
<template>
<id>standard</id>
<name>Initializr standard page</name>
<description><![CDATA[This is standard page template.
]]></description>
</template>
<template>
<id>error</id>
<name>Initializr error page</name>
<description><![CDATA[This is error page template.
]]></description>
</template>
</templates>
</soycms>
